iter	Logloss
0	0.3504745896
1	0.2994666376
